브랜드명,제품명,리뷰 내용,평점,날짜
올리브영,VT 리들샷 300 에센스 10ml,아토피에 건성이였는데 쓰니깐 피부 다 뒤집어져서 피부과 다니느라 힘들었어요 ㅠ 다*소꺼랑 완전히 달라요 피부 두꺼운 사람이 쓰는게 좋을 거 같아요,2,2026.04.07
올리브영,VT 리들샷 300 에센스 10ml,예전에 100은 너무 효과 없길래 300 썼는데 ㅜㅜ 자극이 심해서 피부가 뒤집어지더라구요 ㅠㅠ 민감하신 분들은 50이나 100 쓰는게 좋을 거 같아요,3,2026.02.21
올리브영,VT 리들샷 300 에센스 10ml,궁금해서 처음 써봤는데 좋은거같아요! 더 용량많은거로 사서 써야겠어요,5,2026.04.09
올리브영,VT 리들샷 300 에센스 10ml,한달이상사용 100보단 확실히 자극이 느껴지네용. 근데 괜찮고 별로 아프진 않아서 만족스럽습니당.ㅎㅎ,5,2026.02.18
올리브영,VT 리들샷 300 에센스 10ml,300 너무 효과 좋음. 100은 미미한데 300이 700이나 1000중엔 덜 아프고 효과도 나름 좋아서 만족스러움 ㅎㅎ 배송도 빨라서 맘에 드네요,5,2026.01.04
올리브영,VT 리들샷 300 에센스 10ml,처음 써보는 제품인데 발림성도 좋고 촉촉하고 번들거림 없이 너무 만족스럽네요,5,2026.02.21
올리브영,VT 리들샷 300 에센스 10ml,"약 한 달간 사용해보면서 피부결 개선에 어느 정도 도움이 된 제품이라고 느꼈습니다. 처음 사용할 때는 약간 따끔거리는 느낌이 있었는데, 사용하다 보니 점점 적응이 되었고 자극도 크게 느껴지지 않았습니다. 바르고 나면 피부에 흡수되는 속도가 빠른 편이라 끈적임 없이 마무리되는 점이 좋았고, 이후 사용하는 스킨케어 제품들도 잘 흡수되는 느낌이 들었습니다. 특히 꾸준히 사용하면서 피부결이 조금 더 매끈해지고, 화장이 들뜨는 현상이 줄어든 점이 인상적이었습니다. 다만 민감한 날에는 사용을 피하거나 양을 조절하는 것이 필요하다고 느꼈고, 처음 사용하는 분들은 적응 기간을 두는 것이 좋을 것 같습니다. 미니 사이즈라 부담 없이 테스트해볼 수 있다는 점도 장점이었고, 꾸준히 사용할 경우 더 효과를 볼 수 있을 것 같은 제품입니다. 전체적으로 피부결 관리용으로 괜찮은 에센스라고 생각합니다.",5,2026.03.24
올리브영,VT 리들샷 300 에센스 10ml,"리들샷 300은 따끔하다는 후기를 많이 보고 살짝 걱정했는데, 생각보다 참을 만한 자극이었어요. 바를 때 미세하게 찌르는 느낌이 있는데, 금방 사라지고 화끈거림은 오래 가지 않았어요. 피부가 예민한 편이라 처음엔 소량으로 테스트했는데 트러블 없이 잘 맞았어요. 제형은 묽은 에센스 타입이고 흡수가 빠른 편이에요. 끈적임이 거의 없어서 다음 단계 스킨케어 바르기 부담 없었고, 밤에 바르고 자면 다음 날 피부결이 좀 더 매끈해진 느낌이 들어요. 특히 화장이 들뜨는 부위에 사용했더니 베이스 밀림이 줄어든 게 체감됐어요. 각질 정돈이 자연스럽게 되는 느낌이라 따로 강한 필링 제품을 안 써도 될 것 같아요. 다만 매일 쓰기보다는 피부 상태 봐가면서 사용하는 게 좋을 것 같아요. 꾸준히 쓰면 피부결 개선에 도움 될 것 같아서 본품도 고민 중이에요. 피부결 관리용으로 추천할 만해요.",5,2026.02.22
올리브영,VT 리들샷 300 에센스 10ml,사람들이 다 아프다고 하는데 저만 안아프고 잘모르겠는데 음 일단 모공에 좋다해서 샀어요 코옆에 제가 맨날 압출을 해서 모공이 잘보이거든요 제일큰 모공이 하나 있는데 그게 원래같으면 구멍이 잘보였다면 지금은 살짝 연하게 보인다할까요 처음보다는 확실히 미세하게 작아지는거 같아요 그 모공이 좀 많이 커서 줄어들라면 오랜시간이 걸리겠지만 괜찮은고 같아요 넘. 좋은듯요 다음엔 700사보려구요 다들 요철이나 모공 고민이시면 리들샷은 꼭사세요 이미 많이 유명하지만 아직고민이신분들은 그냥 사세요 저도 고민고민 계속하다가 사봤는데 좋아요 많이 안아파요,5,2025.10.01
올리브영,VT 리들샷 300 에센스 10ml,용량 작은게 그래도 온라인에 있어서 만족해요 재구매의사 있습니다,5,2026.01.20
올리브영,VT 리들샷 300 에센스 10ml,자주 사용하진 않아서 용량면에서 매우 만족해요 기획으로 나오는건 다 쓰지도 않는데 만족합니더,5,2025.12.21
올리브영,VT 리들샷 300 에센스 10ml,10미리라서 양이 적어보이지만 300짜리라 한펌프씩 쓰다보면 정말 여러번에 걸쳐 나눠 오래 쓰게 되는 양이에요 300이니까 제일 고민인 부위에 발라요,5,2025.10.12
올리브영,VT 리들샷 300 에센스 10ml,300은 여드름이 난 곳에 직접적으로 리들이 잘 들어가라고 펌핑하고 문질러주면 살짝 따끔 느낌 나고 효과 있어요,5,2025.10.12
올리브영,VT 리들샷 300 에센스 10ml,수분이 가득한 수딩제형으로 얼굴에 펴바르기 부드럽고 약간의 따끔거림은 있지만 빠르게 흡수되며 다음날 아침이면 피부가 좋아져요,5,2025.10.01
올리브영,VT 리들샷 300 에센스 10ml,약간따끔거리나 바르고나면 피부가 좋아져서 사용하나 용량이 작아요,5,2025.09.28
올리브영,VT 리들샷 300 에센스 10ml,한달지났어요 잘쓰고 있습니다. 리들샷! 뭔가 궁금 좋아보여서 사봄. 용량은 좀 적지만.100.300 둘다 구매 ㅎ,5,2025.09.25
올리브영,VT 리들샷 300 에센스 10ml,후기 : 이제 가을이라 관리하기 좋습니다. 구매옵션 : VT /리들샷 300 에센스 10ml 구매이유: 앰플같은거 떠서 사봄.,5,2025.09.25
올리브영,VT 리들샷 300 에센스 10ml,살짝 따끔하긴해도 확실히 효과가 있어 추천하고 싶습니다.,5,2025.09.24
올리브영,VT 리들샷 300 에센스 10ml,작은 용량이라서 한번 써보고 싶으신 분들에게 추천합니다.,5,2025.09.24
올리브영,VT 리들샷 300 에센스 10ml,양이작아서 기회될때마다 구매해서 사용하네요. 사용후 피부상태가 좋아지는게 느껴져쇼,5,2025.08.29
올리브영,VT 리들샷 300 에센스 10ml,약간 따끔거리는감이 있어 아침보다 저녁에 바르면 부담없고 보습력이 아주 좋아요,5,2025.08.29
올리브영,VT 리들샷 300 에센스 10ml,악건성인데 리들샷 팩사용해보고 에센스를 구매했는데 피부에 잘맞네요,5,2025.08.26
올리브영,VT 리들샷 300 에센스 10ml,리들샷! 뭔가 궁금 좋아보여서 사봄. 용량은 좀 적지만.100.300 둘다 구매 ㅎ,5,2025.08.26
올리브영,VT 리들샷 300 에센스 10ml,평소에 모델링 팩이나 마스크 팩이나 바르는팩 많이 하는데 항상 바르니까 효과가 진짜 두배 이상으로 올라가요 올영 300은 아플줄 알고 일부로 작은걸로 산건데 생각보다 엄청 안아팠어요 700으로 다시 살려고요 그리고 10ml다 보니까 양이 적어서 금방쓰는데 뜌껑이 없으니까 통안에 붙어있눈거 까지 다 싹썩 못긁어 쓰눈게 아쉽네요..,5,2025.11.22
올리브영,VT 리들샷 300 에센스 10ml,제품을 받아서 일주일 정도 사용해봤습니다. 포장도 깔끔하고 배송도 빨랐습니다. 제품의 질이 생각보다 좋고 사용감도 만족스러워요. 가격 대비 퀄리티가 좋아서 재구매 의사 있습니다. 좋은 제품 만들어주셔서 감사합니다!,5,2025.12.02
올리브영,VT 리들샷 300 에센스 10ml,항상 믿고 계속 쓰고 있어요. 추천해드려요. 또 살 거예요.,5,2025.10.27
올리브영,VT 리들샷 300 에센스 10ml,확실히 하고 나면 피부가 맨들 보들 좋아지는게 느껴지네요 주기적으로 해여겟어요,5,2026.02.21
올리브영,VT 리들샷 300 에센스 10ml,피부가 살짝 예민한 편인데 이 제품은 많이 자극적이지 않아서 자주 사용하고 있어요! 중요한 날 전날에 사용해주면 화장이 더 잘 먹는 거 같아요,5,2026.02.03
올리브영,VT 리들샷 300 에센스 10ml,작은 사이즈여도 오래 쓸 수 있어서 아주 만족스럽습니다 일주일에 한 2번 써 주면 딱 좋아요.,5,2026.01.22
올리브영,VT 리들샷 300 에센스 10ml,중요한 날 전에 항상 발라주고 있어요! 약간 예민 피부인데 자주 발라서 그런지 많이 자극되지도 않고 적당한 거 같아서 자주 사용하고 있어요! 바르고나면 화장이 잘 먹는 피부가 되는 것 같아요 ㅎㅎ,5,2026.01.04
